{"cameraMode":{"drawMode":0,"name":"Shaded","section":"Shading Mode"},"sceneLighting":false,"audioPlay":false,"sceneViewState":{"m_AlwaysRefresh":false,"showFog":true,"showSkybox":false,"showFlares":true,"showImageEffects":true,"showParticleSystems":true,"showVisualEffectGraphs":true,"m_FxEnabled":true},"in2DMode":false,"pivot":{"x":-0.0999729186296463,"y":0.2255159616470337,"z":-0.07874317467212677},"rotation":{"x":-0.5825642347335815,"y":-0.09936428815126419,"z":0.07203815877437592,"w":-0.8035343289375305},"size":0.24564391374588014,"orthographic":false}