{"cameraMode":{"drawMode":0,"name":"Shaded","section":"Shading Mode"},"sceneLighting":false,"audioPlay":false,"sceneViewState":{"m_AlwaysRefresh":false,"showFog":true,"showSkybox":false,"showFlares":true,"showImageEffects":true,"showParticleSystems":true,"showVisualEffectGraphs":true,"m_FxEnabled":true},"in2DMode":false,"pivot":{"x":0.956261396408081,"y":0.5341137051582336,"z":-0.032350413501262668},"rotation":{"x":-0.08132568746805191,"y":0.9177436232566834,"z":-0.2525534927845001,"w":-0.29605650901794436},"size":0.6322147846221924,"orthographic":true}