{"cameraMode":{"drawMode":0,"name":"Shaded","section":"Shading Mode"},"sceneLighting":false,"audioPlay":false,"sceneViewState":{"m_AlwaysRefresh":false,"showFog":true,"showSkybox":false,"showFlares":true,"showImageEffects":true,"showParticleSystems":true,"showVisualEffectGraphs":true,"m_FxEnabled":true},"in2DMode":false,"pivot":{"x":0.10273095965385437,"y":0.36783525347709658,"z":-0.07104486227035523},"rotation":{"x":0.11360280960798264,"y":0.7563686370849609,"z":-0.13645710051059724,"w":0.6296068429946899},"size":0.7751095294952393,"orthographic":true}