{"cameraMode":{"drawMode":0,"name":"Shaded","section":"Shading Mode"},"sceneLighting":false,"audioPlay":false,"sceneViewState":{"m_AlwaysRefresh":false,"showFog":true,"showSkybox":false,"showFlares":true,"showImageEffects":true,"showParticleSystems":true,"showVisualEffectGraphs":true,"m_FxEnabled":true},"in2DMode":false,"pivot":{"x":0.10832598060369492,"y":0.500113308429718,"z":1.0780545473098755},"rotation":{"x":0.28580528497695925,"y":-0.6529171466827393,"z":0.29275399446487429,"w":0.6374340653419495},"size":0.39590218663215639,"orthographic":true}